control_id,public_evidence_items,public_evidence_commitment_sha256,private_evidence_items,private_evidence_commitment_sha256,commitment_scheme
QNT-BT-001,1,4689d964b4192cedcc88fa7d05005faaf0ad65596bd7258e697eaacc6263eb7d,1,d2ee821d08b33b17eab1c3495d3631194e912907517968d1edfc9e4f1afa8081,sha256-canonical-json-v1
QNT-LA-001,1,2c3d24d441ef6673daf7c1ff0d63b40869849993e57224071f46a76fc13746e7,1,45854608092e137b188bd33bbbc6bd6c9db08385966b089f9d66debfbaa5b770,sha256-canonical-json-v1
QNT-OVF-001,1,a3df9b93b2c879c62dacf001c940757c335464965291888c6192c322aec9147d,0,,sha256-canonical-json-v1
QNT-OVF-002,1,9831f908e5adfad81eac8e0b490ec23e127f7e0d41787cc89263c270c9ca4013,0,,sha256-canonical-json-v1
QNT-OVF-003,1,f315af4d2a221cd2a997e3836997e32db3c9f27606e30c5e094a0ef69ecf02b4,0,,sha256-canonical-json-v1
QNT-OVF-004,1,b12932d07fba657405824aa530dd351b5f2815ac3ecdeb495e0d9b152ae34479,1,2e46f1535fe3a0f00180ce37d9b8829b392b122a4b7b303d53fda7e4956328d3,sha256-canonical-json-v1
QNT-BS-001,1,fce0ebd4d4e0def95ad2a6bf3cde7a9f91fa8737a8e5dbecb180d755c49dbfb5,0,,sha256-canonical-json-v1
QNT-STA-001,0,,1,27b1675753d6331b29ace70a865949dde23388cba8a44dd02adc807a49d985b6,sha256-canonical-json-v1
QNT-DRF-001,0,,2,a1c6a4abeb6a656307531beac5d8eaf8482b5fb44abf1dbdcae80f00bd1b4242,sha256-canonical-json-v1
QNT-REG-001,1,437c736248bc4bf2adb981ccccbb314a8dff21a2addc9b616618c07b9e17c8bf,1,f1a47cb43f2ab736097097e01c123a215c0cbe1218efffefd26e050300e4412f,sha256-canonical-json-v1
QNT-EXE-001,1,9f12da78eb8967ca5b2b8fe4700b76f5f9d2dae656ef23142ec7bd9243ca1009,1,4166b11371608d0b1ce972c81a1bb474f23ed2278a1c224dd3a3566fdec0ac28,sha256-canonical-json-v1
QNT-PLC-001,0,,1,1ab84190c66e221c48a0556a02fb778aea3828083bc78b0490648cd348a78535,sha256-canonical-json-v1
QNT-SLP-001,0,,2,c583616d1d3352006b8f74ca5f550f9a95ea8adb442de81979438da229a3ea12,sha256-canonical-json-v1
QNT-IMP-001,0,,0,,sha256-canonical-json-v1
QNT-CAP-001,0,,0,,sha256-canonical-json-v1
QNT-TAIL-001,0,,1,5722671843dfab5af9691862432638171996aee47c8c059979cf46b6af32d2b0,sha256-canonical-json-v1
QNT-MC-001,0,,1,f80273493ef15405d43245b20d69fbb7fb7725a8e186531d227cdcbd3b5bddf1,sha256-canonical-json-v1
QNT-DAV-001,0,,1,894dd7fec1943abf769f573879894d92734a9c692e7a7a179204fde34a5a155e,sha256-canonical-json-v1
QNT-SEN-001,0,,1,d2da3109bee44f9e19537da14bb4a178298edea421825c771ca670a3b47f435c,sha256-canonical-json-v1
QNT-ABL-001,0,,1,9b10f355c7da1b576f9d79518320f770fa2427052e9ddd28090d4ff7323ffb42,sha256-canonical-json-v1
QNT-MON-001,0,,1,dcff6dba5b9ba47b749c8c2c40d97b06c2a6991f0d26fbe08e1a9c587a8d47de,sha256-canonical-json-v1
QNT-OUT-001,0,,0,,sha256-canonical-json-v1
QNT-PUB-001,1,38b5abd6def1ccd0516ca1678e870965f6589d0917d738c6d68dad08f8d268e7,1,9f80c0e5cb2eb2553dd3411a76e0bf7c413e0a2362fa0337f768f4d305289457,sha256-canonical-json-v1
